User ID,Username,Password,Name,Gender
1,user_a,Easy2Type!!!,Alice Brown,Female,14/05/1980
2,user_b,Easy2Type!,Bob Stone,Male,22/11/1975
3,user_c,Easy2Type!,Charlie White,Male,08/07/2002
4,sarah_lee,Easy2Type!!,Sarah Lee,Female,14/03/2010
5,john_smith,Easy2Type!,John Smith,Male,18/09/1975
6,emily_clarke,Easy2Type!,Emily Clarke,Female,25/02/2000
7,mark_lee,Easy2Type!!,Mark Lee,Male,02/05/1985
8,grace_tan,Easy2Type!,Grace Tan,Female,12/07/2001
9,john_lee,Easy2Type!,John Lee,Non-Binary,16/08/2003
10,james_tan,Easy2Type!,James Tan,Male,13/09/1998
11,jared_toh,Easy2Type!,Jared Toh,Male,13/04/1999
12,victoria_lee,Easy2Type!,Victoria Lee,Male,13/08/1990
13,jason_tan,Easy2Type!,Jason Tan,Male,24/01/1992
14,sophia_lim,Easy2Type!,Sophia Lim,Male,05/03/1996
15,michael_choo,Easy2Type!,Michael Choo,Male,14/07/1993
16,natalie_wong,Easy2Type!,Natalie Wong,Male,25/12/1998
17,benjamin_ho,Easy2Type!,Benjamin Ho,Male,02/04/1991
18,amelia_ng,Easy2Type!,Amelia Ng,Male,11/10/1995
19,kevin_tay,Easy2Type!,Kevin Tay,Male,09/02/1990
20,olivia_chan,Easy2Type!,Olivia Chan,Male,18/05/1997
21,daniel_koh,Easy2Type!,Daniel Koh,Male,06/09/1986
22,chloe_lau,Easy2Type!,Chloe Lau,Male,02/06/1994
23,ryan_ong,Easy2Type!,Ryan Ong,Male,20/11/1990
24,grace_lee,Easy2Type!,Grace Lee,Male,15/03/1998
25,ethan_ho,Easy2Type!,Ethan Ho,Male,30/09/1991
26,sarah_tan,Easy2Type!,Sarah Tan,Male,25/07/1995
27,aaron_lim,Easy2Type!,Aaron Lim,Male,09/12/1988
28,isabelle_chia,Easy2Type!,Isabelle Chia,Male,04/04/1997
29,jacob_loo,Easy2Type!,Jacob Loo,Male,17/08/1992
30,hannah_ng,Easy2Type!,Hannah Ng,Male,22/10/1993
31,lucas_tay,Easy2Type!,Lucas Tay,Male,11/01/1996
32,joel_lim,Easy2Type!,Joel Lim,Male,12/04/2003
33,amelia_tan,Easy2Type!,Amelia Tan,Female,24/06/1995
34,noah_ong,Easy2Type!,Noah Ong,Male,30/01/2000
35,grace_chen,Easy2Type!,Grace Chen,Non-Binary,10/08/1988
36,lucas_tay,Easy2Type!,Lucas Tay,Female,18/11/1992
37,olivia_lee,Easy2Type!,Olivia Lee,Male,05/07/2001
38,ethan_goh,Easy2Type!,Ethan Goh,Non-Binary,21/02/1998
39,sophia_ng,Easy2Type!,Sophia Ng,Female,17/09/1990
40,dylan_chia,Easy2Type!,Dylan Chia,Male,03/12/1986
41,chloe_law,Easy2Type!,Chloe Law,Non-Binary,09/04/1997
42,zoe_tan,Easy2Type!,Zoe Tan,Female,15/03/1993
43,ryan_ho,Easy2Type!,Ryan Ho,Male,25/07/1987
44,isabella_lim,Easy2Type!,Isabella Lim,Non-Binary,06/11/1992
45,leon_ng,Easy2Type!,Leon Ng,Male,19/02/2000
46,emma_yap,Easy2Type!,Emma Yap,Female,10/06/1998
47,benjamin_choo,Easy2Type!,Benjamin Choo,Male,22/10/1995
48,natalie_chan,Easy2Type!,Natalie Chan,Non-Binary,14/05/1989
49,jacob_tan,Easy2Type!,Jacob Tan,Female,02/09/1991
50,mia_ong,Easy2Type!,Mia Ong,Male,27/12/1994
51,daniel_goh,Easy2Type!,Daniel Goh,Female,31/01/1990
52,elijah_lee,Easy2Type!,Elijah Lee,Non-Binary,21/04/1997
53,amelia_ng,Easy2Type!,Amelia Ng,Male,18/08/1992
54,owen_ho,Easy2Type!,Owen Ho,Female,30/01/1996
55,sophia_tay,Easy2Type!,Sophia Tay,Male,14/11/1999
56,noah_lau,Easy2Type!,Noah Lau,Non-Binary,25/06/1993
57,ava_chan,Easy2Type!,Ava Chan,Female,02/12/1991
58,ethan_lim,Easy2Type!,Ethan Lim,Male,09/05/1995
59,chloe_tan,Easy2Type!,Chloe Tan,Female,17/07/1994
60,liam_ong,Easy2Type!,Liam Ong,Male,23/10/1990
61,grace_yip,Easy2Type!,Grace Yip,Non-Binary,12/03/1988
62,lucas_tan,Easy2Type!,Lucas Tan,Female,04/02/1989
63,isabella_choo,Easy2Type!,Isabella Choo,Male,25/07/1992
64,joshua_ng,Easy2Type!,Joshua Ng,Non-Binary,10/10/1993
65,mia_lee,Easy2Type!,Mia Lee,Female,12/06/1991
66,daniel_ho,Easy2Type!,Daniel Ho,Male,18/01/1994
67,emma_lau,Easy2Type!,Emma Lau,Non-Binary,09/09/1990
68,oliver_koh,Easy2Type!,Oliver Koh,Male,20/03/1988
69,ava_chen,Easy2Type!,Ava Chen,Female,15/11/1995
70,james_lee,Easy2Type!,James Lee,Non-Binary,03/05/1987
71,sophie_tan,Easy2Type!,Sophie Tan,Male,29/12/1991
72,amelia_goh,Easy2Type!,Easy2Type!!,Non-Binary,22/08/1987
73,hannah_tan,Easy2Type!,Easy2Type!!,Male,11/09/1985
74,sophia_ong,Easy2Type!,Easy2Type!!,Male,02/04/1990
75,ava_ho,Easy2Type!,Easy2Type!,Male,26/11/1996
76,benjamin_ng,Easy2Type!,Benjamin Ng,Male,19/03/1986
77,isabelle_lee,Easy2Type!,Isabelle Lee,Male,07/10/1990
78,charles_koh,Easy2Type!,Charles Koh,Male,05/12/1988
79,amelia_lau,Easy2Type!,Amelia Lau,Male,12/06/1991
80,lucas_choo,Easy2Type!,Lucas Choo,Male,01/02/1993
81,emily_ho,Easy2Type!,Emily Ho,Female,18/08/1985
82,joel_lim,Easy2Type!,Joel Lim,Male,12/04/2003
83,amelia_tan,Easy2Type!,Amelia Tan,Female,24/06/1995
84,noah_ong,Easy2Type!,Noah Ong,Non-Binary,30/01/2000
85,grace_chen,Easy2Type!,Grace Chen,Male,10/08/1988
86,lucas_tay,Easy2Type!,Lucas Tay,Female,18/11/1992
87,olivia_lee,Easy2Type!,Olivia Lee,Non-Binary,05/07/2001
